Russian,English
не,not
что,what
в,in
и,and
ты,you
это,this is
на,on the
с,With
он,he
мы,we
как,how
вы,you
да,Yes
мне,to me
у,u
нет,No
меня,me
так,So
но,but
а,a
его,his
все,all
она,she is
тебя,you
о,about
если,if
за,per
бы,would
тебе,you
они,they
чтобы,to
же,the same
есть,there is
просто,simply
из,from
к,to
для,for
ну,well
когда,when
хорошо,Good
здесь,here
по,on
был,was
знаю,I know
то,then
только,only
всё,all
было,It was
вас,you
может,maybe
нас,us
вот,here
от,from
быть,to be
кто,who
будет,will be
почему,why
вам,to you
их,them
очень,very
могу,can
уже,already
спасибо,Thanks
или,or
нам,us
еще,more
там,there
нужно,need
сейчас,now
где,where
чем,how
хочу,want
ничего,nothing
этого,this
была,was
мой,my
ее,her
ладно,OK
знаешь,you know
п,P
до,before
этом,this
потому,because
теперь,now
думаю,think
больше,more
её,her
со,CO
раз,once
ему,to him
надо,necessary
время,time
этот,this
ли,Lee
ещё,yet
пока,bye
даже,even
привет,Hey
сказал,said
себя,myself
должен,must
тоже,too
хочешь,want
давай,let's
что-то,something
никогда,never
эй,hey
того,Togo
тогда,then
него,him
ни,Neither
тут,here
были,were
конечно,certainly
правда,truth
об,about
моя,my
пожалуйста,please
тобой,you
сказать,to tell
сегодня,today
один,one
лучше,better
можешь,can
сюда,here
мной,me
значит,means
сделать,do
всегда,always
дело,a business
можно,can
ей,her
должны,must
порядке,order
без,without
день,day
том,volume
буду,will
делать,do
хотел,I wanted to
чего,what
эти,these
много,a lot of
после,after
этим,This
всего,Total
во,in
твой,your
ним,him
лет,years
боже,God
них,them
сэр,sir
ведь,after all
мистер,Mister
жизнь,life
потом,after
ней,her
такой,such
который,which the
всех,All
через,through
им,them
возможно,Maybe
немного,a little
такое,Such
слишком,too much
себе,yourself
зачем,why
должна,must
моей,mine
люди,people
знаете,You know
этой,this
думаешь,You think
свою,my
точно,Exactly
человек,human
твоя,yours
под,under
сказала,said
назад,back
из-за,due to
эту,This
можем,Can
случилось,It happened
мама,mother
мог,Could
вместе,together
отец,father
сделал,did
мои,my
кажется,seems
друг,friend
куда,where
никто,nobody
поэтому,that's why
эта,this
которые,which
два,two
тот,that
сколько,How many
понимаю,Understand
снова,again
жизни,Life
нравится,Like
людей,of people
помочь,help
видел,saw
люблю,I love
хочет,wants
место,place
знать,know
кто-то,somebody
прости,sorry
отлично,Great
похоже,it seems
парень,guy
домой,home
всем,Everyone
деньги,money
иди,Go
времени,time
дома,at home
именно,exactly
доктор,doctor
думал,thought
говорил,spoke
делаешь,You do
будем,We will
прямо,directly
стоит,costs
поговорить,talk
найти,find
разве,Is it
слушай,listen
своей,his
лишь,only
ага,Yeah
можете,You can
простите,sorry
хотела,I wanted to
сам,myself
что-нибудь,something
тем,those
будешь,You will
прошу,I beg
три,three
деле,business
хотите,want to
говорить,talk
давайте,let's
совсем,at all
знал,He knew
знает,He knows
какой,which
моего,mine
скажи,tell
дом,house
дела,affairs
вами,you
свои,their
ж,and
говорит,He speaks
несколько,several
должно,must
про,pro
ваш,your
происходит,is happening
жаль,it's a pity
туда,there
действительно,really
папа,dad
завтра,tomorrow
оно,it
черт,crap
одна,one
перед,before
наш,our
уверен,sure
отсюда,From here
нужна,Need
самом,myself
тех,those
нужен,Need
свой,mine
мою,mine
кого,whom
верно,right
работу,work
каждый,each
твоей,yours
будут,will be
хватит,enough
понял,understood
нее,her
уж,Oh
имя,name
против,against
кое-что,something
пор,por
чём,how
раньше,before
говорю,I say
более,more
надеюсь,hope
итак,so
при,at
ваша,Your
вообще,generally
пошли,went
мать,mother
нельзя,it is forbidden
наверное,maybe
нами,us
твои,yours
могли,Could
дай,give
ради,for the sake
всю,All
ребята,guys
ко,ko
хотя,although
понимаешь,understand
идти,go
этих,These
откуда,where
такая,Such
ясно,clear
другой,another
извините,sorry
вижу,I see
видеть,see
над,above
могут,can
равно,equals
мисс,Miss
скоро,soon
будто,Like
зовут,The name is
виду,sight
наши,our
думала,I thought
послушай,Listen
между,between
своего,your own
вопрос,question
этому,this
почти,nearly
года,of the year
человека,man
которая,which
подожди,wait
руки,arms
нормально,fine
такие,such
возьми,Take it
минут,minutes
извини,Sorry
вещи,things
могла,Could
смотри,look
хоть,though
работа,Work
пару,pair
сын,son
ваше,yours
дня,Day
пора,It's time
неё,Her
жить,live
видишь,You see
достаточно,enough
господи,God
быстро,fast
твою,Yours
весь,All
убить,Kill
ночь,night
говоришь,You say
собой,yourself
скажу,I will say
готов,ready
слышал,heard
какая,which
посмотри,look
первый,the first
самое,Most
видела,I saw
пусть,let
месте,place
нашли,Found
сказали,They said
плохо,poorly
смогу,I can
ваши,Yours
отца,Father
детей,children
знаем,We know
рад,glad
прав,right
никаких,No
имею,I have
миссис,Mrs.
иногда,sometimes
смерти,of death
своих,their own
пойду,I'll go
брат,brother
вроде,like
рядом,beside
мир,world
произошло,happened
которую,which
сделала,I did it
говорила,She said
знала,I knew
мое,my
одного,one
таким,So
помощь,help
такого,Such
кем,by whom
насчет,about
вчера,yesterday
случае,case
увидеть,see
нашей,ours
говорят,they say
правильно,right
убил,Killed
одно,One
пойти,Go
друга,friend
сама,herself
долго,for a long time
работать,work
дверь,Door
делает,does
женщина,woman
важно,important
кроме,Besides
будь,Be
собираюсь,going to
вашей,yours
нужны,Need
здорово,great
номер,room
проблема,problem
проблемы,Problems
денег,of money
чёрт,crap
хороший,good
твоего,yours
одну,One
дальше,farther
вернуться,return
давно,for a long time
последний,last
ночи,nights
узнать,to know
уверена,sure
машину,car
права,rights
пять,five
моих,mine
также,also
тому,that
вечером,in the evening
дети,children
опять,again
вообще-то,Actually
серьезно,Seriously
работает,works
своим,his own
сначала,first
две,Two
одной,One
моим,mine
те,those
жена,wife
думаете,Think
помнишь,Remember
глаза,eyes
ними,them
чувак,dude
ночью,at night
чувствую,feel
взять,take
сразу,straightaway
утром,in the morning
часть,part
придется,have to
стать,become
идея,idea
дорогая,expensive
прекрасно,wonderful
слова,the words
сделали,made
видели,saw
наша,our
сердце,heart
помню,I remember
парня,guy
момент,moment
утро,morning
здравствуйте,hello
стал,became
скорее,quicker
ох,oh
большой,big
кто-нибудь,Someone
часов,hours
год,year
друзья,friends
сильно,strongly
говори,Speak
смысле,Meaning
которой,which
уйти,Leave
которого,whom
капитан,captain
работы,work
любовь,love
дочь,daughter
новый,new
боюсь,afraid
имеет,It has
стой,Stop
дней,days
той,that
голову,head
ах,Oh
столько,so many
понятно,clear
дать,to give
девушка,young woman
довольно,enough
доме,house
вечер,evening
оба,both
пойдем,let's go to
увидимся,I'll see you
шанс,chance
хорошая,Good
прежде,Before
сделаю,I will do it
какого,what
быстрее,faster
понять,understand
рассказать,tell
вашего,your his
бог,God
интересно,interesting
затем,then
умер,died
обо,about
никого,No one
парни,Guys
самый,most
твое,your
вон,There
пришел,Came
чтоб,so
поверить,Believe
слово,word
будете,You will
нашел,found
милая,Darling
странно,strange
какие,what kind
ой,oh
та,that
однажды,once
сможешь,You can
получить,get
обычно,usually
ума,mind
полагаю,I suppose
алло,Hello
посмотреть,look
иначе,otherwise
наших,ours
тело,body
хотели,They wanted
свое,Own
пришли,They came
моё,my
другие,other
выглядит,Looks
подумал,Thought
лицо,face
приятно,Nice
мам,Mom
говорите,Speak
обратно,back
нашего,ours
телефон,telephone
мире,world
честь,honour
господин,Mr.
доброе,Kind
план,plan
другом,friend
час,hour
джон,John
пути,ways
делал,did
типа,type
посмотрим,let's see
насколько,How much
пытался,tried to
правду,Truth
решил,I decided
поздно,late
нем,him
работе,work
любит,loves
хотят,They want
кому,to whom
сестра,sister
какой-то,Someone
места,Places
кого-то,Someone
скажешь,Say
следующий,next
других,others
получил,received
кстати,by the way
говорили,They said
пришла,Came
безопасности,security
рада,glad
когда-нибудь,someday
город,city
внимание,Attention
кофе,coffee
которое,which
вся,all
семья,a family
конец,the end
позже,later
дал,gave
думать,think
спать,sleep
вернулся,He returned
остаться,stay
некоторые,some
кровь,blood
оружие,weapon
пришлось,I had to
хуже,worse
дорогой,expensive
полиция,police
сможем,We can
понимаете,You see
четыре,four
которых,which
ужасно,terrible
ждать,wait
способ,way
делаю,I do
готовы,ready
совершенно,Absolutely
смотреть,watch
вернусь,I'll be back
большое,Big
единственный,the only one
вперед,forward
часа,hours
где-то,somewhere
муж,husband
идет,It goes
таких,Such
ребенка,child
машина,car
стороны,Parties
смог,smog
сына,son
играть,play
сами,themselves
верю,I believe
честно,honestly
нашла,Found
звучит,Sounds
угодно,Most
как-то,Somehow
руку,hand
начала,Beginning
перевод,translation
какое,which
взял,I took it
станет,will become
пытаюсь,Trying
внутри,inside
знали,They knew
новости,news
добрый,kind
подождите,Wait
скажите,tell
ребенок,child
вашу,yours
мальчик,boy
осталось,left
делаете,Do
году,year
мере,Meres
поняла,understood
отношения,relations
далеко,long away
вокруг,around
хотим,We want
слышала,I heard
двух,Two
приятель,buddy
никому,Nobody
мужчина,the male
неделю,A week
вернуть,return
смерть,death
сих,These
ту,that
сможет,will be able
the,The
дайте,give
двое,two
видите,See
долларов,dollars
крови,blood
решение,solution
путь,path
следует,should
неужели,Really
около,near
готова,Ready
семьи,families
идем,Let's go
смотрите,Look
круто,cool
история,story
вдруг,suddenly
спросить,ask
i,I
твоих,yours
второй,second
вина,guilt
джек,Jack
женщины,women
нашу,ours
заткнись,shut up
минуту,A minute
собираешься,You are going
твоим,yours
шоу,show
прощения,Forgiveness
больно,painfully
машины,cars
пап,dad
трудно,difficult
постоянно,constantly
поможет,will help
проблем,problems
например,for example
дерьмо,shit
полиции,police
начать,to begin
знают,Know
лучший,best
добро,good
спасти,save
рождения,birth
оставить,leave
чарли,Charlie
любишь,Love
конце,end
забыл,forgot
месяцев,months
часто,often
мило,nicely
комнате,room
нему,him
матери,Mother
милый,cute
полностью,fully
школе,school
леди,lady
серьёзно,Seriously
убили,Killed
случай,happening
джо,Joe
убийство,murder
послушайте,Listen
посмотрите,Look
пошел,Go
никакого,No
сделаем,Let's do it
говоря,speaking
неплохо,not bad
использовать,use
прошлой,past
иду,I'm going
узнал,I learned
прекрати,Stop
чуть,A little
держи,Hold it
невозможно,impossible
господа,Gentlemen
слушайте,Listen
наше,our
машине,car
сэм,Sam
свет,light
образом,way
иметь,have
другое,Other
другого,another
шесть,six
людям,people
погоди,wait a minute
имени,name
детка,baby
недели,weeks
меньше,less
легко,easily
крайней,extreme
девочка,girl
придётся,have to
мало,few
ненавижу,I hate
you,You
последние,The latter
насчёт,about
выглядишь,are looking
сообщение,message
думает,Thinking
друзей,friends
обещаю,I promise
агент,agent
вместо,instead of
последнее,last thing
самого,himself
настолько,so
ответ,answer
детектив,detective
понятия,concepts
родители,parents
показать,show
поехали,go
стало,It became
мэм,ma'am
своими,your own
всей,All
очевидно,obviously
помогите,Help
маленький,small
школу,School
пожаловать,Hard
твоё,your
либо,or
забрать,take
прошло,passed
особенно,especially
имеешь,You have
истории,stories
эм,Em
вопросы,questions
большая,Big
минутку,Minute
пол,floor
остановить,stop
чему,what
свидания,Dates
обязательно,necessarily
городе,city
убийца,killer
сделай,Do It
a,a
ваших,yours
любви,love
спокойной,calm
б,b
своё,your own
мадам,Madame
идите,Go
выйти,go out
делают,do
немедленно,immediately
делай,Do
возможность,possibility
человеком,man
бывает,happens
ужин,dinner
моем,mine
купить,buy
позвонить,Call
наконец,finally
стала,I became
любой,any
клянусь,I swear
смешно,funny
абсолютно,absolutely
всему,Everything
переводчики,Translators
забудь,forget
секунду,give me a sec
выбор,choice
тысяч,thousands
потерял,lost
майкл,Michael
волнуйся,worry
ноги,legs
таком,So
настоящий,real
означает,means
встретиться,Meet
известно,It is known
работаю,working
замечательно,great
любом,Anyone
оставь,Leave
связи,connections
боль,pain
выпить,drink
представить,introduce
убийства,murders
малыш,baby
умерла,Died
воды,water
окей,OK
речь,speech
хорошие,good ones
поводу,reason
перестань,stop doing that
увидел,saw
повезло,Lucky
президент,the president
мужик,man
которым,which
прошлом,past
дам,I will give
десять,ten
умереть,die
поговорим,Let's talk
отцом,Father
искать,search
тихо,quiet
оставил,left
пистолет,pistol
начал,began
сложно,difficult
города,cities
неделе,week
хотелось,I wanted to
принять,to accept
историю,History
босс,boss
держать,Keep
пойдём,let's go to
подумала,I thought
фильм,movie
слышишь,You hear
рано,early
удачи,good luck
еду,I'm going
словно,Like
причина,cause
пришёл,Came
э,e
компании,Company
спокойно,calmly
работал,worked
подумать,Think
вести,news
вещь,thing
брата,brother
конца,end
получится,It will turn out
блин,pancake
право,right
ввиду,In view of
бога,God
по-моему,to my mind
подарок,gift
комнату,room
мира,Mira
успокойся,take it easy
позволить,allow
моему,mine
идёт,It goes
самая,The most
рассказал,told
курсе,Course
намного,much
мистера,Mr.
женщин,women
тяжело,hard
ух,wow
предложение,sentence
одним,one
счет,check
улице,street
другим,others
уходи,leave
майк,Mike
среди,among
помоги,Help
получилось,happened
месяц,month
проверить,verify
генри,Henry
голос,voice
позвольте,Let me
стороне,side
вероятно,probably
случится,will happen
уверены,sure
мужа,husband
питер,Peter
провести,spend
людьми,people
наконец-то,finally
неважно,no matter
нашёл,found
м,m
доктора,the doctors
месяца,months
игра,the game
идём,Let's go
нём,him
джордж,George
познакомиться,познакомиться
возьму,I'll take it
слышали,heard
пошла,I went
корабль,ship
чувствуешь,You feel
позволь,please let
сторону,side
игры,games
согласен,I agree
письмо,letter
вниз,way down
молодец,well done
наверняка,Surely
утра,morning
вашим,Yours
нечего,there is nothing
встречи,Meetings
вид,view
никакой,no
связь,connection
список,list
такую,Such
весело,fun
сидеть,sit
гораздо,much
собирался,I was going
впервые,first
находится,located
объяснить,explain
полицию,Police
решили,decided
семью,family
свидание,date
отличная,Excellent
остальные,rest
прийти,Come
руках,hands
фбр,FBI
чувство,feeling
котором,which
решила,I decided
понадобится,You will need it
сынок,son
найду,I will find
фрэнк,Frank
школы,schools
чувства,the senses
дядя,uncle
стали,become
ушла,Left
первым,First
поверь,Believe me
расскажи,tell
хочется,I want to
девушки,Girls
сон,dream
имел,had
каким,What
парнем,guy
многие,many
части,parts
ехать,drive
считаю,I think
никуда,Nowhere
голове,head
старый,old
оттуда,From there
чем-то,something
называется,called
вопросов,questions
фото,a photo
пройти,pass the
заниматься,study
другу,friend
вернулась,Returned
пара,pair
никак,no way
девочки,girls
благодарю,thank you
своем,your own
недавно,recently
приехал,I arrived
глаз,eye
могло,Could
становится,It becomes
пыталась,I tried
является,is
брось,Throw
богу,God
ы,s
нашим,ours
помощи,help
волосы,hair
невероятно,Incredible
одном,One
ушел,gone
джейн,Jane
to,to
тела,bodies
недель,weeks
собирается,Gathering
защитить,protect
всеми,All
существует,exists
жив,alive
первая,First
позвоню,I'll call
благодаря,thanks to
вперёд,forward
навсегда,forever and ever
помните,Remember
земле,Earth
делу,business
вполне,quite
пытается,Trying
будущее,future
семь,seven
своему,to your own
ок,OK
идиот,moron
слава,glory
стоило,It was worth it
удалось,managed
делаем,We do
команда,team
главное,main
огонь,the fire
дэнни,Danny
замуж,Marry
начали,Started
мужчины,men
кого-нибудь,Someone
силы,strength
семье,family
шеф,chef
суд,court
слышу,I hear
тюрьме,prison
попробовать,Try
друзьями,friends
алекс,Alex
вашем,yours
новая,New
маленькая,small
черта,Damn
придет,will come
страшно,scary
услышать,hear
новые,New
общем,general
звонил,Called
купил,bought
понравится,I like it
близко,close
самой,yourself
смысл,meaning
хорошее,Good
любил,I loved
сара,Sarah
единственная,The only one
делали,did
макс,Max
мэри,Mary
жду,I am waiting
получается,it turns out
хорошего,Good
эми,Amy
дамы,Ladies
жену,wife
гарри,Harry
неправильно,not properly
стоять,stand
плевать,spit
ключ,key
верить,believe
лично,personally
слышать,hear
взяли,have taken
поздравляю,Congratulations
пить,drink
заставить,Make it
получили,got
рот,mouth
делала,I did it
преступления,crimes
двери,Doors
землю,Earth
разумеется,Of course
очередь,turn
первой,First
разговор,talk
видимо,Apparently
звонок,Call
джеймс,James
s,S.
менее,less
нового,New
получила,received
хм,hm
подальше,away
какая-то,Some kind
сможете,You can
похож,Similar
состоянии,condition
необходимо,necessary
адвокат,advocate
касается,concerns
секунд,seconds
стоп,stop
дали,Dali
оставаться,stay
сделает,will do it
ходить,walk
помощью,help
хватает,Enough
изменить,change
король,king
народ,people
новую,New
девушку,girl
живет,Lives
секс,sex
сделаешь,You will do it
думали,Thought
нашем,ours
попасть,To get
каждого,Everyone
другую,Another
просил,I asked
пошёл,I went
войны,War
случайно,by chance
игру,game
мертв,dead
держись,Hold on
забыла,Forgot
цель,goal
минуты,minutes
месье,Monsieur
выше,above
однако,but
женщину,Woman
раза,times
мысли,thoughts
выход,exit
платье,dress
вовсе,At all
пришло,It came
женой,wife
ребёнка,child
сожалею,regret
твоем,yours
осторожно,carefully
смогла,I was able
этими,These
стану,I will become
маме,Mom
парней,guys
нравятся,I like it
покое,Sour
поехать,Go
садись,Sit down
миллионов,millions
отличный,a great
ребёнок,child
дочери,Daughters
дороги,Roads
ого,wow
ха,Ha
нечто,something
первое,first
выяснить,to find out
ник,Nick
информацию,information
офис,office
какое-то,Someone
записи,Records
лучшее,the best
течение,flow
вечеринку,Party
убью,I will kill
годы,years
забыть,forget
правила,regulations
сожалению,Unfortunately
какие-то,Some
слов,words
джимми,Jimmy
дни,Days
дала,Dal
жизнью,life
совет,advice
занят,busy
кем-то,Someone
попробуй,try
подруга,friend
расскажу,I'll tell you
целый,whole
красивая,beautiful
попросил,I asked
вышел,came out
удар,hit
вещей,of things
адрес,address
дэвид,David
оставьте,Leave
сержант,sergeant
увидишь,You will see
виноват,To blame
разница,difference
открыть,open
написал,wrote
ждет,Waiting
новое,new
счастлив,happy
вау,wow
выбора,choice
продолжай,continue
задницу,ass
покажу,I'll show you
единственное,the only thing
доверять,trust
встреча,meeting
убивать,kill
концов,The ends
обоих,both
будьте,Be
останется,will remain
тюрьму,prison
наверно,maybe
ищу,looking for
момента,moment
обед,dinner
лица,Faces
видео,video
стойте,Stand
взяла,I took it
подождать,wait
считает,He thinks
вечно,forever
покажи,Show me
бен,Ben
книгу,book
многое,much
земли,Earth
дел,cases
какую,what
поскольку,because the
узнала,I learned
сильнее,stronger
жены,wives
встречу,Meeting
весьма,Very
блядь,Fuck
поняли,understood
родителей,parents
оу,OU
лейтенант,lieutenant
глупо,Stupid
узнает,Learn
думают,Think
сезон,season
снаружи,outside
голова,head
мамой,Mom
заняться,do
кино,movie
вечера,Evenings
свете,light
выйдет,It will come out
восемь,eight
найдем,Find
помогу,I will help
больницу,hospital
больнице,hospital
магазин,score
тони,Tony
заметил,Noticed
договорились,agreed
слушать,listen
бизнес,business
примерно,about
уехать,Leave
мамы,Mom
позвонил,I called
выходит,It turns out
когда-либо,ever
маму,Mom
документы,the documents
попал,I got it
шаг,step
отпусти,Let go
смотрю,look
здравствуй,hello
понравилось,liked
смогли,They were able
правы,right
большие,Big
рассказала,told
идут,Go
готово,ready
плохой,bad
офицер,Officer
узнали,learned
скажет,Say
сюрприз,surprise
внимания,attention
вышло,It turned out
дорогу,The road
считаешь,You think
фотографии,Photo
вода,water
делом,business
каком,which one
полный,full
следующей,next
доказать,prove
захочешь,If you want
книги,Books
война,war
планы,Plans
мысль,thought
веришь,Believe
видно,it is seen
скажем,Let's say
большинство,majority
ребят,guys
продолжать,continue
ранее,previously
жертвы,victims
ближе,nearer
качестве,quality
двигаться,move
написано,Written
чувствовать,feel
хорош,good
любить,be in love
величество,Majesty
головы,heads
дороге,road
попросить,Ask
времена,time
подумай,Think
забавно,Funny
главный,main
внизу,at the bottom
каждую,Each
остался,remained
вставай,Get up
мнение,opinion
твоему,Your
часы,watch
вряд,unlikely
постой,Wait
сомневаюсь,I doubt
отдай,Give it
вечеринка,a party
ошибка,error
приехали,Arrived
бросил,He threw it
вернется,will return
профессор,Professor
любят,Love
ключи,Keys
подходит,fits
беги,Run
ничто,nothing
поле,field
вышла,I went out
открой,Open
воду,water
сексом,sex
музыка,music
побери,Shoot
бабушка,grandmother
собираемся,re going
несмотря,despite
госпожа,Madam
стране,country
b,B.
рэй,Ray
отдать,Give
трубку,pipe
сил,strength
кончено,Once
другая,Another
комната,room
ричард,Richard
o,O
сердца,hearts
кому-то,Someone
опасности,Dangers
сша,USA
закончить,finish
детьми,children
врач,doctor
живу,I live
имеете,You have
команды,teams
пожалуй,perhaps
роль,role
порядок,order
группа,Group
встретимся,Meet me
кольцо,ring
самые,The most
позвони,Call
всём,Everything
вверх,up
разговаривать,speak
джим,Jim
закон,law
мужчин,men
шутишь,You are joking
играет,Playing
хорошим,Good
новой,New
начнем,Let's start
ухожу,I'm leaving
член,member
такси,Taxi
серия,series
днк,DNA
получше,Better
убила,Killed
настоящая,Real
молодой,young
эмили,Emily
показания,Indications
одному,One
шутка,joke
уходить,leave
снять,take off
недостаточно,Not enough
каких,what
кейт,Kate
одни,One
разобраться,figure out
язык,language
едем,We are going
директор,director
сто,one hundred
энди,Andy
учитывая,Considering
спросил,asked
днем,during the day
первого,First
джей,Jay
чего-то,Something
когда-то,Once
наверху,upstairs
говорим,We say
счастлива,Happy
помог,Helped
отцу,Father
приходится,It is necessary
определенно,definitely
сигнал,signal
закончится,It will end
помогает,Helps
группы,groups
моём,mine
едва,barely
легче,easier
t,t
ответить,reply
спустя,After
принести,bring
секрет,secret
приказ,order
де,de
опасно,dangerous
позволю,Let me
билли,Billy
бросить,Throw
телефону,telephone
самых,Most
эдди,Eddie
получишь,Get it
господь,Lord
внутрь,inside
компания,company
прекрасный,beautiful
томми,Tommy
такими,Such
and,and
пойдет,will go
женщиной,woman
работаешь,You work
большую,Big
волнует,excites
рук,hands
память,memory
старик,old man
избавиться,Get rid
квартиру,apartment
закончили,Finished
информация,information
встречаться,meet
удовольствием,pleasure
спас,saved
мозг,brain
читать,read
ким,Kim
чертовски,Damn
стол,table
джонни,Johnny
ублюдок,bastard
дон,Don
тысячи,thousands
боб,bean
ложь,False
it,it
ёто,Eto
потеряла,Lost
взглянуть,Take a look
писать,write
мен,Men
увидела,I saw
передать,hand over
войти,to come in
везде,everywhere
бобби,Bobby
кое,some
солнце,sun
устал,tired
сделку,deal
настоящее,the present
потеряли,Lost
мм,mm
класс,Class
смотрел,watched
держите,Keep
закончил,finished
марк,Mark
джерри,Jerry
потрясающе,Amazing
обещал,He promised
убедиться,make sure
скажете,Say
факт,fact
уничтожить,Destroy
страны,countries
учитель,teacher
полно,Full
начинается,It begins
бежать,run
операции,operations
сукин,Sukin
ошибку,error
украл,stolen
данные,data
двоих,Two
света,Sveta
запах,smell
придурок,jerk
найди,Find
лучшая,The best
вернулись,Returned
убирайся,Get out
боишься,Afraid
окно,window
убийстве,murder
ситуации,situations
костюм,costume
казалось,It seemed
доказательства,proof of
обсудить,Discuss
жил,lived
принимать,accept
море,sea
оставила,Left
судя,Judging
штука,thing
ситуация,situation
возможности,capabilities
следы,traces
генерал,General
рождество,Christmas
платить,to pay
пытались,Tried
забрал,took
эрик,Eric
самым,Most
великолепно,fabulous
песню,song
билл,Bill
помогать,to help
по-прежнему,Still
новость,news
силу,strength
жертва,victim
баксов,bucks
другими,others
обожаю,love
достать,Get out
вовремя,in time
появился,appeared
кларк,Clark
тише,quiet
одежду,clothes
приходит,Comes
расследование,investigation
зато,but
девушкой,girl
яйца,eggs
зависит,depends
принадлежит,belongs
согласно,according to
предложить,suggest
уровень,level
любила,Love
вашему,Yours
собака,dog
знак,sign
чисто,purely
срочно,urgently
начало,Start
вне,outside
клуб,club
искал,Searched
собираетесь,Getting to
души,Souls
расслабься,Relax
супер,super
ждал,Waited
неправда,not true
доступ,access
куча,A bunch
туалет,toilet
знакомы,Familiarized
офисе,office
сука,bitch
слегка,slightly
ждут,are waiting
песня,song
наверх,upstairs
небольшой,small
анна,Anna
красиво,Beautiful
запись,Record
причины,the reasons
работала,worked
ч,h
состояние,condition
белый,white
зайти,Come in
дважды,twice
думай,Think
центр,center
дружище,buddy
исправить,to correct
джейк,Jake
использовал,Used
идешь,You go
желание,a wish
книга,book
многих,many
разные,various
полковник,Colonel
оказался,It turned out
идеи,Ideas
добраться,get to
нос,nose
возьмите,Take it
матерью,mother
суда,ships
каково,What
сила,strength
уходите,Go away
рука,hand
повсюду,everywhere
лучшие,The best
сделано,made
взгляд,sight
наркотики,Drugs
бери,Take it
судья,referee
чушь,nonsense
плохая,Bad
система,system
практически,practically
выходные,weekends
лили,Lily
суде,trial
еда,food
док,dock
узнаю,I find out
нож,knife
написать,Write
собиралась,Gathered
чай,tea
о.,about.
глазах,eyes
остальное,rest
брак,marriage
представляешь,Imagine
остальных,the rest
мимо,by
поеду,I'll go
потерять,lose
старые,Old
звук,sound
частью,part
приехала,I arrived
нет-нет,no no
даст,give
спит,Sleeping
пытаешься,Trying
выглядеть,to look like
беременна,Pregnant
увижу,I will see
спал,I slept
вкус,taste
крис,Chris
поезд,train
пиво,beer
уехал,He left
устроить,arrange
радио,radio
обе,both
команду,team
безумие,madness
решить,decide
солдат,soldier
ме,me
мальчика,boy
короля,king
проще,easier
особо,Especially
х,X
ребенком,child
дедушка,grandfather
мертва,Dead
церкви,churches
результаты,results
имена,names
беспокойся,Bring
неприятности,troubles
камеры,cameras
отправить,send
брайан,Brian
здание,building
шон,Sean
возле,near
защищать,protect
плохие,Bad
работают,Work
нью-йорк,New York
называть,call
третий,third
способен,capable
удивительно,marvelous
смысла,meaning
долг,duty
боли,pain
клэр,Clare
первую,The first
стыдно,ashamed
случиться,happen
сестры,Sisters
называют,called
райан,Ryan
счёт,check
слушаю,I'm listening
мартин,Martin
возвращаться,come back
выбрал,I chose
черту,Damn
инспектор,inspector
земля,Earth
оказалось,it turned out
сходить,go
головой,head
плюс,a plus
оружия,weapons
музыку,Music
явно,Obviously
сказано,It is said
назвал,He called it
стрелять,fire
своём,your own
столь,so
ушли,Left
последняя,Last
лицом,face
решать,decide
остались,stayed
по-настоящему,for real
заплатить,pay
разу,once
жене,wife
даю,I give
центре,center
началось,began
президента,president
сообщить,to report
кучу,A bunch
чтo,What
звали,The name was
принял,Accepted
придёт,will come
рода,kind
справиться,deal
поцелуй,kiss
по-другому,differently
сбежал,He ran away
еды,food
встречались,Meet
прошла,passed
команде,team
оставлю,I'll leave it
ищем,are looking for
согласна,agree
останусь,I will stay
тест,test
прошлое,past
смотришь,You look
код,the code
двумя,two
шучу,kidding
человеку,man
выбраться,Get out
следовало,It should
продать,sell
нe,NE
которому,which
звонила,Called
поставить,put
клиент,client
здоровье,health
прочь,away
приду,I'll come
держу,I hold
поговорю,I'll talk
похожа,Similar
рассказывать,tell
играл,Played
стив,Steve
заставил,forced
встретил,Meet
по-твоему,In your opinion
самолет,airplane
кости,bones
сбежать,run away
прекратить,stop
уйду,I'll leave
ъ,b
принесу,I will bring
власти,authorities
ушёл,gone
остается,It remains
постели,bed
вернись,Come back
впереди,Ahead
захочет,He wants
реально,really
двадцать,twenty
квартире,apartment
маленькой,small
важное,Important
ешь,Eat
бар,bar
жива,alive
дает,Gives
завтрак,breakfast
любовью,love
зря,in vain
полицейский,police officer
принес,Bring
ƒа,ƒa
мария,Maria
страшного,terrible
устала,tired
прекратите,Stop
убери,Take away
нравишься,Like
заходи,Come in
энни,Annie
сработает,Work
старая,Old
скучаю,I miss
заявление,statement
плохого,Bad
поймать,to catch
ответственность,a responsibility
прощай,goodbye
девять,nine
осталась,Remained
наедине,alone
выбрать,choose
обвинения,Accusations
все-таки,Still
ммм,mmm
that,that
компанию,company
поедем,Let's go
цветы,flowers
имела,had
ждёт,Waiting
камеру,camera
новых,new
преступление,a crime
трех,Three
кусок,a piece
пропал,disappeared
посмотрю,I'll see
медленно,slowly
душу,Soul
получит,Get it
рады,Rada
значения,meanings
забрали,They took it
пойдешь,You will go
сохранить,save
привести,bring
видит,sees
информации,information
войну,War
письма,Letters
бумаги,Papers
холодно,cold
руками,hands
томас,Thomas
упал,fell
моими,mine
отношение,attitude
карл,Charles
ма,ma
операция,operation
судьба,fate
of,of
любимый,Darling
задать,Set
папочка,daddy
внезапно,suddenly
временем,time
представляю,Imagine
церковь,church
решения,solutions
чувствовал,I felt
чудесно,wonderful
специально,specially
маленькие,Small
дурак,fool
ад,hell
мальчики,Boys
начинает,Starts
компьютер,a computer
станешь,You will become
продолжайте,Continue
роберт,Robert
урок,lesson
кровью,blood
глазами,Eyes
занимается,engaged
линии,lines
люк,Luke
брать,take
давать,give
вновь,again
трое,three
девушек,girls
чё,what
услышал,I heard
вызвать,call
работали,worked
позвонила,I called
бороться,fight
остановись,Stop
вариант,option
послал,Sent
назвать,Name
просила,I asked
ход,move
положение,position
вернемся,Let's get back
уходим,We leave
уилл,Will
связано,related
каждой,Everyone
звонит,Calls
роман,novel
миру,The world
беспокоит,worries
кэтрин,Catherine
номера,numbers
комнаты,rooms
прекрасная,Beautiful
победить,win
правительство,government
ищет,Looking
систему,system
попросила,I asked
операцию,Operation
ногу,leg
поступил,entered
прошлый,last
живёт,Lives
герой,hero
воздух,air
живут,Live
читал,was reading
адвоката,lawyer
поступить,to do
поможешь,Help
адам,Adam
люси,Lucy
чудо,miracle
разных,different
школа,school
курс,well
c,C.
отель,hotel
задание,exercise
приехать,come
умру,I will die
телефона,phone
считать,count
ценю,I appreciate
мечты,Dreams
родился,was born
работой,work
вспомнить,recall
виде,form
похожи,similar
слышите,Hear
уходит,Leaving
понимает,understands
угу,yes
кровати,beds
умоляю,I beg
срок,term
действовать,act
мужем,husband
извиниться,apologize
пахнет,It smells
дух,spirit
лучших,the best
отдел,Department
будущем,future
большим,Big
беспокоиться,worry
узнаем,We will find out
интервью,interview
скотт,Scott
сыном,son
предлагаю,I propose
убит,Killed
болит,hurts
каждое,Each
встретились,Meet
итоге,Condition
мяч,ball
закрой,shut the
умею,I can
справлюсь,I can handle it
убедить,to convince
остановиться,stay
возвращайся,Return
цели,goals
форме,form
сидит,sits
королева,queen
дождь,rain
отдал,gave
бывший,former
едет,Rides
во-первых,firstly
танцевать,dance
пива,beer
причин,reasons
обязан,must
проклятье,Damn
колледж,college
мозга,brain
оставайся,Stay
системы,systems
карты,cards
просить,ask
садитесь,sit down
хорошей,Good
душ,shower
смогут,They can
камень,stone
волнуйтесь,worry
страну,country
звонить,Call
проводить,conduct
ура,Hurrah
мёртв,dead
смотрит,Looks
детям,children
мужчиной,man
труп,dead body
вино,wine
армии,Army
убивал,Killed
вкусно,delicious
заставляет,Makes
любое,Anyone
которыми,which
твоём,yours
малышка,baby
эбби,Abby
правило,Rule
кровать,bed
кабинет,cabinet
чарльз,Charles
баре,bar
действия,actions
ситуацию,situation
убрать,put away
жениться,marry
ходил,went
джона,John
исчез,Gone
келли,Kelly
погиб,Died
зрения,vision
счастье,happiness
желаю,wish
давление,pressure
душе,Soul
м-р,Mr.
взгляни,Take a look
основном,Mainly
прошел,passed
душа,soul
свадьбу,Wedding
тюрьмы,prison
отдохнуть,relax
фунтов,pounds
встать,get up
произойдет,will happen
дженни,Jenny
миллион,million
святого,saint
глубоко,deep
сзади,behind
святой,St
подобного,Similar
предложил,proposed
пит,Pete
значение,meaning
отеле,hotel
позади,behind
идеально,perfect
занимаюсь,I am engaged
занимался,Engaged
нескольких,several
подобное,Similar
мозги,brain
несчастный,unhappy
рассказывал,told
считаете,You think
выходи,Come out
in,in
полной,complete
нью-йорке,New York
свадьбы,Weddings
мамочка,mommy
страх,fear
появится,will appear
банк,bank
носить,wear
отпечатки,Prints
ничем,nothing
чак,Chuck
возрасте,age
горжусь,I am proud
выиграл,won
принесла,Bring
встрече,meeting
нибудь,something
приходить,come
следить,track
лео,Leo
ног,legs
лекарство,medicine
лучшим,the best
тип,type of
умирает,dies
признать,Recognize
воспоминания,memories
имеют,have
защиты,protection
билет,ticket
выпьем,Let's drink
работаем,We work
купила,I bought it
выиграть,win
трогай,Try
магазине,store
красный,red
петь,sing
название,title
вытащить,pull out
сестру,sister
отвечать,reply
отпустите,Let go
кевин,Kevin
контролировать,to control
чёрта,Damn
власть,power
вторая,The second
волноваться,worry
бросила,Threw it
спрашиваю,I ask
секса,sex
данный,the
l,L.
красивый,beautiful
джентльмены,Gentlemen
суть,The essence
уши,ears
оставили,left
начинаю,Starting
сотни,Hundreds
связаться,contact
окна,window
доброй,Good
майор,Major
держаться,hold on
цру,CIA
штаны,pants
занята,busy
отвали,back off
цвет,color
получу,I will get it
сидел,Sitting
случается,It happens
хозяин,master
учиться,to study
некоторых,Some
прошли,passed
погодите,Wait
некоторое,Some
братом,brother
считают,consider
новым,new
показалось,It seemed
целую,kiss
поблагодарить,give thanks
количество,amount
лекарства,Medicines
сумасшедший,crazy
расскажите,Tell us
ожидал,Expected
элис,Alice
умрет,It will die
грейс,Grace
слухи,rumors
участок,site
улицу,Street
классно,cool
животных,animals
изменилось,Changed
странный,strange
передай,Give it
ди,di
надеялся,Hoping
собственной,own
гости,guests
как-нибудь,Somehow
дэн,Dan
контроль,control
грудь,breast
братья,Brothers
миль,Miles
улики,evidence
огромное,Huge
замок,lock
данных,data
дому,home
районе,area
сядь,Sit down
наоборот,vice versa
богом,God
элли,Ellie
создать,create
закончилось,It ended
отвечает,answers
побыть,to stay
поесть,Eat
умеешь,You know how
лесу,forest
самому,Himself
алан,Alan
отправил,Sent
деньгами,money
принеси,Bring
таблетки,tablets
ресторан,restaurant
нашему,ours
поверьте,Believe me
включая,including
живо,lively
мужчину,man
придумал,invented
шериф,sheriff
хрена,crap
ханна,Hannah
собирались,Gathered
половину,half
ён,Yon
забыли,forgot
сделайте,Make it
удовольствие,pleasure
стараюсь,trying
проходит,passes
спала,sleeping
автобус,bus
настоящие,Real
me,me
узнаешь,You will find out
спроси,ask
лучшего,the best
придумать,come up with
вечеринке,Party
пользу,benefit
появилась,appeared
списке,list
лежит,Lies
живой,alive
счастливы,Happy
понимать,understand
плохое,bad
любого,Anyone
зубы,teeth
кухне,kitchen
попытаться,to attempt
расскажешь,Tell me
буквально,literally
клиентов,customers
ван,van
копы,cops
no,No
великий,great
пяти,Five
прием,Reception
скучно,boring
приходил,Came
песни,songs
девчонка,Girl
рукой,hand
попала,I got it
джош,Josh
проект,project
бой,the battle
естественно,naturally
стивен,Stephen
всё-таки,Still
увидите,See
процесс,process
делайте,do it
вызов,call
ниже,below
рейчел,Rachel
перерыв,break
дерьма,shit
принцесса,Princess
само,Sam
врн,VRN
ненадолго,not for long
радостью,joy
ответил,answered
убьет,Kill
тед,Ted
короче,shorter
провел,Spended
сесть,Sit down
вечеринки,Parties
попробуем,Let's try
теб,Teb
вернётся,will return
разберусь,I'll figure it out
умный,smart
поймали,Caught
ак,Ak
кошмар,nightmare
днём,In the afternoon
дорога,road
общего,general
жертв,victims
ведет,leads
очки,glasses
барри,Barry
чикаго,Chicago
найдём,Find
игре,game
официально,officially
попробую,I'll try
какой-нибудь,some
энн,Ann
женат,married
совпадение,coincidence
начальник,Chief
убивает,Killing
терпеть,tolerate
счастью,happiness
гей,gay
ну-ка,Well
множество,lots of
убьют,will kill
болезнь,disease
свидетель,witness
тему,topic
элизабет,Elizabeth
службы,services
положи,put
пригласить,to invite
бояться,afraid
точки,Points
голоса,vote
дин,Dean
собрать,Collect
памяти,memory
хороша,Good
думаем,We think
пригласил,invited
классе,class
проверь,Check
парню,guy
этo,This
убийцы,the killers
вину,guilt
ю,Yu
харви,Harvey
больницы,hospitals
смертью,death
всякий,any
принц,prince
бойся,Fear
надеяться,hope
поднять,Raise
обнаружили,discovered
перестать,stop
отойди,Fasten
покинуть,Leave
чувствует,Feeling
нелегко,not easy
ими,them
m,m
оказаться,be
жила,lived
избежать,to avoid
старший,older
представляет,represents
столе,table
ошибки,Errors
половина,half
смей,Smell
заботиться,take care
лаборатории,laboratories
любим,love
успокойтесь,Calm down
имеем,We have
последней,last
вызывает,Calls
важнее,more important
первые,The first
убийцу,The killer
полегче,easier
женщине,woman
жили,Once upon a time
позволил,allowed
груди,breasts
праздник,holiday
умеет,Able
присоединиться,join
черный,black
опыт,an experience
бред,rave
болен,is sick
су,Su
источник,source
собираются,Gathering
любимая,darling
куда-нибудь,somewhere
занимаешься,You are engaged
каким-то,Somehow
картер,Carter
эмма,Emma
побольше,More
закрыть,Close
ангел,angel
тренер,trainer
откройте,Open
какие-нибудь,some
ветер,wind
остров,island
первом,The first
семьей,family
интересует,Interested
беру,I take it
уехала,left
виновата,To blame
кэти,Katie
морган,Morgan
ищешь,Looking for
контракт,Contract
получите,Get it
телевизор,television
любите,Love
попали,hit
местах,places
ненавидит,He hates
целью,The goal
дольше,longer
полчаса,half an hour
согласны,agree
войне,war
осторожнее,Caution
замужем,married
звонки,calls
причине,reason
папой,dad
пойдёт,will go
роли,Roles
спишь,Sleep
управлять,to rule
собаку,Dog
бля,fucking
представь,Imagine
глава,chapter
постель,bed
правде,Truth
шум,noise
придут,They will come
ударил,hit
схожу,I'm going
провели,Spent
начинать,start off
внимательно,carefully
пятницу,Friday
проходите,Come on
кафе,Cafe
отказаться,refuse
поговори,Talk
предупредить,warn
свободу,Freedom
т,t
переживай,Really worry
начнём,Let's start
полная,Complete
руке,hand
улицы,streets
виски,whiskey
странное,Strange
фил,Phil
артур,Arthur
карту,card
знаком,sign
словами,words
оказывается,turns out
звоню,I'm calling
уолтер,Walter
энергии,energy
познакомились,We met
ларри,Larry
бежим,Run
сквозь,through
шлюха,whore
ордер,order
капитана,Captain
согласился,agreed
мертвы,Dead
класса,class
написала,wrote
париж,Paris
страна,country
умирать,die
зад,ass
счета,accounts
сильный,strong
ерунда,nonsense
дерево,wood
одолжение,favor
домом,home
колени,lap
выжить,survive
ждала,Waited
грузовик,truck
заплатил,Paid
путешествие,travel
узнают,Learn
чек,check
билеты,Tickets
достал,I got it
спину,back
останешься,You will stay
надолго,For a long time
рак,crayfish
помощник,assistant
парк,a park
стены,walls
кое-кто,Someone
да-да,Yes Yes
сработало,It worked
ощущение,Sensation
показал,showed
полу,Paul
находиться,be
девочек,girls
робин,Robin
карен,Karen
пёп,dog
любую,Any
ќе,b
зная,Knowing
сообщения,messages
именем,name
квартира,flat
анализ,analysis
другому,another
совершил,committed
оливер,Oliver
лошадь,horse
ответы,Answers
готовить,prepare
г-н,Mr.
субботу,Saturday
дышать,breathe
зла,evil
мэгги,Maggie
выгляжу,I look
разрешение,permission
девчонки,Girls
хрень,crap
секундочку,Second
перезвоню,I will call you back
миллиона,million
одиночку,Loner
займусь,I'll take it
увидит,See
боится,fears
одновременно,simultaneously
использовали,Used
спрашивал,He asked
лиза,Lisa
врать,lie
отказался,Refused
цвета,colors
жертву,victim
теми,those
куда-то,somewhere
метров,meters
горло,throat
дворе,courtyard
пропала,Gone
дитя,child
пошло,It went
небольшая,Small
станции,Stations
чувствовала,I felt
бедный,poor
статус,status
поведение,behavior
начинай,Start
ванной,bathroom
кабинете,cabinet
немножко,A little
извинения,apologies
здания,building
удастся,will succeed
виделись,We saw each other
пытаемся,Trying
отпустить,let go
спросила,asked
выходить,go out
извиняюсь,I'm sorry
свадьба,wedding
чего-нибудь,something
джесси,Jesse
марта,Martha
проверю,Check
контролем,control
we,We
отвезти,Take away
доверяю,I trust
найдешь,You will find
сражаться,fight
звезда,star
найдут,They will find it
заберу,I will take it
лагерь,camp
ходит,Walks
посреди,in the middle
звони,Call
браво,Bravo
мишель,Michelle
скорость,speed
использует,Uses
заслуживает,deserves
заметила,I noticed
спиной,back
где-нибудь,somewhere
прям,Straight
возвращается,Returns
положить,put
воскресенье,Sunday
чертов,Damn
мэтт,Matt
ть,t
камера,camera
впечатление,impression
оказалась,It turned out
корабля,ship
мясо,meat
обсуждать,discuss
фильма,film
нью-йорка,New York
разговаривал,Talking
штата,state
результат,result
крайне,Extremely
держит,Holds
доказательств,evidence
вселенной,universe
признаться,confess
необходимости,need
детали,details
ќо,ќ
группу,group
грустно,sad
штук,things
ком,com
эндрю,Andrew
меч,sword
убей,Kill
занять,take
одежда,clothes
бомба,bomb
on,on
чувствуете,Feel
кейси,Casey
поймал,Caught
ящик,box
работаете,Work
клубе,club
тоби,Toby
забудьте,Forget
живых,living
алиби,alibi
пройдет,will pass
проблему,problem
свободен,free
he,he
подойди,Come
каждая,Each
детстве,childhood
считал,I counted
налево,left
помни,Remember
девушке,girl
напоминает,reminds
дают,Give
увидели,See
фильме,film
постараюсь,will try
потребуется,would need
сестрой,sister
отношениях,relationship
отношений,relationships
доктором,Doctor
джин,gin
надежда,hope
приедет,will come
личное,Personal
обычный,ordinary
изменился,Changed
ужас,horror
салли,Sally
мэр,mayor
условия,terms
ай,ay
иисус,Jesus
ќн,ќn
научиться,learn to
играю,I play
разрешения,permission
нашими,ours
связаны,connected
пациент,a patient
обвинение,Accusation
жди,Wait
старше,Older
начну,I'll start
старой,Old
пропустил,missed
палец,finger
my,My
позабочусь,I will take care
d,D.
прошлого,of the past
сумку,bag
боялся,I was afraid
красивые,Beautiful
простить,Forgive
найдите,Find
франции,France
секреты,Secrets
верите,Believe
америке,America
ужасный,horrible
драться,fight
создал,Created
гостей,guests
колледже,College
нигде,Nowhere
заметили,Noticed
молли,Molly
позаботиться,Take care
терять,lose
рисковать,to risk
отдела,department
след,track
золото,gold
волос,hair
простой,simple
доктору,doctor
отстой,sucks
будущего,future
ровно,smooth
собрались,Gathered
совета,Council
штуку,thing
водой,water
саймон,Simon
спрашивать,to ask
приняли,Accepted
пытаются,Trying
воспользоваться,take advantage
требует,Requires
марти,Marty
живешь,Live
играешь,You play
клиента,client
позвонили,They called
стоял,stood
отпуск,vacation
аминь,Amen
движение,traffic
особенного,Special
каждом,Everyone
заняты,busy
наплевать,I don't give a damn
мечта,dream
надеть,put on
зал,Hall
арестовали,Arrested
виктор,Victor
шансы,Chances
минимум,minimum
оружием,weapons
неловко,awkward
захотел,Wanted
джейсон,Jason
начинаем,begin
понедельник,Monday
сне,dream
вернешься,You will return
риск,risk
сучка,bitch
попытка,attempt
скучать,miss
софи,Sophie
каждым,Each